{"cameraMode":{"drawMode":0,"name":"Shaded","section":"Shading Mode"},"sceneLighting":false,"audioPlay":false,"sceneViewState":{"showFog":true,"showMaterialUpdate":false,"showSkybox":false,"showFlares":true,"showImageEffects":true,"showParticleSystems":true},"in2DMode":false,"pivot":{"x":-0.1383483111858368,"y":-0.09941186010837555,"z":0.12990222871303559},"rotation":{"x":-0.15480485558509828,"y":0.32496944069862368,"z":-0.05401168391108513,"w":-0.9314058423042297},"size":1.4250017404556275,"orthographic":true}