{"cameraMode":{"drawMode":0,"name":"Shaded","section":"Shading Mode"},"sceneLighting":true,"audioPlay":false,"sceneViewState":{"showFog":true,"showMaterialUpdate":false,"showSkybox":true,"showFlares":true,"showImageEffects":true,"showParticleSystems":true},"in2DMode":false,"pivot":{"x":-1.272526502609253,"y":-1.4316562414169312,"z":-2.5167019367218019},"rotation":{"x":-0.20270048081874848,"y":-0.658076286315918,"z":0.19065861403942109,"w":-0.6996406316757202},"size":6.04168176651001,"orthographic":true}