{"cameraMode":{"drawMode":0,"name":"Shaded","section":"Shading Mode"},"sceneLighting":true,"audioPlay":false,"sceneViewState":{"showFog":true,"showMaterialUpdate":false,"showSkybox":true,"showFlares":true,"showImageEffects":true,"showParticleSystems":true},"in2DMode":false,"pivot":{"x":1.8771905899047852,"y":1.705752968788147,"z":1.8749722242355347},"rotation":{"x":-0.08323159068822861,"y":0.8628114461898804,"z":-0.15112903714179994,"w":-0.47517430782318118},"size":8.3585844039917,"orthographic":true}