{"cameraMode":{"drawMode":0,"name":"Shaded","section":"Shading Mode"},"sceneLighting":true,"audioPlay":false,"sceneViewState":{"showFog":true,"showMaterialUpdate":false,"showSkybox":true,"showFlares":true,"showImageEffects":true,"showParticleSystems":true},"in2DMode":false,"pivot":{"x":7.464775562286377,"y":-5.467355251312256,"z":-1.9035828113555909},"rotation":{"x":0.2021220326423645,"y":0.7956211566925049,"z":-0.36884668469429018,"w":0.43598994612693789},"size":15.924947738647461,"orthographic":false}