{"cameraMode":{"drawMode":0,"name":"Shaded","section":"Shading Mode"},"sceneLighting":true,"audioPlay":false,"sceneViewState":{"showFog":true,"showMaterialUpdate":false,"showSkybox":true,"showFlares":true,"showImageEffects":true,"showParticleSystems":true},"in2DMode":false,"pivot":{"x":5.960464477539063e-8,"y":1.4999996423721314,"z":-0.5000000596046448},"rotation":{"x":-0.15715418756008149,"y":-0.6952655911445618,"z":0.16000722348690034,"w":-0.6828669309616089},"size":6.98590612411499,"orthographic":true}