{"cameraMode":{"drawMode":0,"name":"Shaded","section":"Shading Mode"},"sceneLighting":false,"audioPlay":false,"sceneViewState":{"showFog":true,"showMaterialUpdate":false,"showSkybox":false,"showFlares":true,"showImageEffects":true,"showParticleSystems":true},"in2DMode":false,"pivot":{"x":-0.1383483111858368,"y":-0.09941186010837555,"z":0.12990222871303559},"rotation":{"x":-0.11839495599269867,"y":0.6013244986534119,"z":-0.09069674462080002,"w":-0.7849640250205994},"size":1.4250017404556275,"orthographic":true}